<?xml version="1.0" encoding="UTF-8"?>
<!DOCTYPE mapper
PUBLIC "-//mybatis.org//DTD Mapper 3.0//EN"
"http://mybatis.org/dtd/mybatis-3-mapper.dtd">

<mapper namespace="member">
	<!-- 회원가입 -->
	<insert id="insertMember" parameterType="member" statementType="CALLABLE">
	{call 
		MEM_INSERT (#{id}, #{pw},#{name},#{nick},#{birth}, #{sex}, #{addr},#{gender},#{age}, #{job}, #{hobby})}
	</insert>
	
	<!-- 회원수정 -->
	<update id="updateMember" parameterType="member" statementType="CALLABLE">
	{call
		MEM_UPDATE (#{id}, #{pw}, #{nick}, #{addr}, #{job}, #{hobby})
	</update>	
	
	<!-- 회원개별정보 -->
	<select id="getMember" parameterType="member" resultType="member">
		SELECT * FROM member JOIN detail USING (mno) WHERE id = #{id}
	</select>
	
	<!-- 회원탈퇴 delete 대신 update로 정보 변경 -->
	<update id="deleteMember" parameterType="member">
		UPDATE member SET id = dno.nextval, pw = dno.currval, name = dno.currval, nick = dno.currval, birth = 000000, sex = 1, addr = dno.currval WHERE id = #{id} AND pw = #{pw}
	</update>
	
	<!-- 아이디 유효성 검사 -->
	<select parameterType="java.lang.String" id="validateID" resultType="int">
		SELECT COUNT(*) FROM member WHERE id = #{id, jdbcType=VARCHAR}
	</select>
	
	<!-- 닉네임 유효성 검사 -->
	<select parameterType="java.lang.String" id="validateNick" resultType="int">
		SELECT COUNT(*) FROM member WHERE UPPER(nick) = UPPER(#{nick, jdbcType=VARCHAR})
	</select>
	
	<select parameterType="member" id="getMemberNick" resultType="member">
		SELECT nick FROM member
	</select>
	
	<select parameterType="java.lang.String" id="getMemberNO" resultType="int">
		SELECT mno FROM member WHERE nick = #{nick, jdbcType=VARCHAR}
	</select>
	
</mapper>

